Fecha;IBE.MC;REP.MC;NTGY.MC;ELE.MC;ENG.MC;RED.MC;SAN.MC;BBVA.MC;CABK.MC;BKT.MC;SAB.MC;UNI.MC;MAP.MC;ACS.MC;ANA.MC;ANE.MC;ACX.MC;MTS.MC;SCYR.MC;CLNX.MC;TEF.MC;AENA.MC;FER.MC;ITX.MC;AMS.MC;IAG.MC;GRF.MC;FDR.MC;SLR.MC;ROVI.MC;LOG.MC;IDR.MC;MEL.MC;PUIG.MC;COL.MC;MRL.MC
02/01/2024;11.88;13.56;27.02;18.53;15.42;14.92;3.85;8.43;3.83;5.97;1.15;0.91;1.97;39.89;131.70;27.18;10.59;25.81;3.21;35.57;3.63;164.20;34.18;39.15;64.56;1.79;14.86;19.30;17.87;61.20;24.86;14.08;5.93;;6.51;9.99
03/01/2024;11.84;13.56;26.76;18.62;15.58;14.71;3.80;8.32;3.88;5.98;1.16;0.90;1.95;38.96;127.20;26.28;10.45;25.37;3.17;35.26;3.64;159.80;33.40;37.95;63.86;1.74;14.46;18.72;17.33;61.10;24.80;13.93;5.81;;6.38;9.86
04/01/2024;12.03;13.72;27.10;19.11;15.80;15.02;3.88;8.46;3.96;6.12;1.20;0.92;1.98;39.48;128.05;25.96;10.44;25.51;3.22;35.20;3.70;162.05;33.86;38.01;64.00;1.78;14.94;18.98;17.06;61.40;25.12;13.97;5.88;;6.45;9.88
05/01/2024;12.04;13.76;27.06;19.15;15.73;14.88;3.91;8.51;4.01;6.12;1.22;0.92;2.00;39.24;126.75;26.18;10.33;25.41;3.22;34.68;3.69;161.20;33.33;37.62;63.64;1.77;14.57;18.67;16.84;61.10;25.00;14.01;5.89;;6.34;9.72
08/01/2024;12.00;13.56;27.04;19.23;15.63;14.94;3.93;8.60;4.06;6.18;1.23;0.94;2.03;39.52;125.80;25.72;10.37;25.41;3.30;35.01;3.73;161.75;33.69;38.07;63.64;1.77;14.24;18.56;16.76;61.75;25.18;14.17;5.95;;6.18;9.60
08/01/2024;12.00;13.56;27.04;19.23;15.63;14.94;3.93;8.60;4.06;6.18;1.23;0.94;2.03;39.52;125.80;25.72;10.37;25.41;3.30;35.01;3.73;161.75;33.69;38.07;63.64;1.77;14.24;18.56;16.76;61.75;25.18;14.17;5.95;;6.18;9.60
09/01/2024;11.64;13.09;27.00;19.17;15.74;14.87;3.89;8.41;3.93;6.07;1.21;0.93;2.01;39.09;127.25;25.32;10.27;24.79;3.31;35.06;3.73;164.25;33.85;37.81;63.68;1.76;10.55;18.36;16.60;61.75;25.24;14.07;5.92;;6.01;9.55
10/01/2024;11.61;12.93;26.92;18.97;15.63;14.77;3.85;8.40;3.87;5.96;1.17;0.91;2.01;38.98;128.60;25.64;10.09;24.71;3.29;35.31;3.71;166.00;34.28;38.26;64.60;1.75;11.82;18.31;16.49;62.05;25.52;14.26;5.94;;6.08;9.71
11/01/2024;11.52;12.96;26.90;19.17;15.59;14.88;3.79;8.28;3.88;5.93;1.16;0.90;2.00;39.13;128.00;25.52;10.16;24.31;3.23;35.50;3.72;166.60;34.34;38.19;63.88;1.73;9.90;18.80;16.48;60.90;25.44;14.88;5.86;;5.95;9.44
12/01/2024;11.68;13.11;27.18;19.80;15.89;15.21;3.80;8.29;3.91;6.06;1.15;0.91;2.02;39.73;130.70;25.40;10.28;24.39;3.15;35.82;3.72;168.85;34.77;39.04;64.44;1.68;8.87;19.15;16.46;60.75;25.68;15.21;5.88;;6.00;9.52
15/01/2024;11.67;13.24;27.12;19.77;15.86;15.22;3.76;8.25;3.93;6.12;1.15;0.91;2.02;39.80;127.75;24.84;10.40;24.43;3.15;35.57;3.77;168.80;34.91;38.89;63.92;1.69;8.90;18.96;16.49;61.90;25.80;15.31;5.86;;5.96;9.53
16/01/2024;11.55;13.28;26.72;19.62;15.82;15.13;3.71;8.14;3.91;6.01;1.13;0.90;2.02;39.31;122.60;24.16;10.10;24.17;3.09;35.22;3.78;166.35;34.96;38.76;63.76;1.66;8.98;18.88;15.72;62.40;25.80;15.24;5.80;;5.89;9.52
17/01/2024;11.45;13.06;26.12;19.38;15.63;14.87;3.66;8.09;3.83;5.86;1.12;0.88;1.99;39.22;116.75;23.08;9.92;24.07;3.03;34.28;3.77;161.75;34.51;38.42;63.06;1.66;8.62;18.67;14.77;62.15;25.42;15.65;5.85;;5.69;9.37
18/01/2024;11.27;13.23;25.74;19.05;15.51;15.07;3.72;8.08;3.83;5.84;1.15;0.89;1.97;39.21;117.20;23.68;9.90;24.39;3.04;33.63;3.73;163.60;34.76;38.63;64.16;1.68;8.41;18.84;14.63;62.70;25.04;15.80;6.01;;5.66;9.36
19/01/2024;11.22;13.00;25.30;18.66;15.19;14.86;3.71;8.00;3.83;5.88;1.15;0.84;1.97;39.44;115.50;23.40;9.85;24.18;3.07;33.74;3.78;163.35;34.63;38.87;64.62;1.68;8.37;18.70;14.29;63.35;24.96;15.67;6.13;;5.65;9.33
22/01/2024;11.26;12.98;25.96;18.76;15.43;15.11;3.73;8.17;3.92;5.96;1.17;0.86;1.99;39.75;117.80;23.54;10.02;24.62;3.12;34.15;3.81;165.15;35.25;39.12;65.60;1.70;8.82;19.03;14.24;64.25;25.20;15.91;6.21;;5.71;9.43
23/01/2024;11.05;12.94;25.70;18.54;15.29;14.95;3.67;8.13;3.91;6.00;1.17;0.87;1.97;39.33;120.10;24.32;10.05;24.82;3.09;34.45;3.82;160.95;34.44;38.34;64.22;1.73;8.99;19.15;14.34;63.75;25.32;15.77;6.24;;5.67;9.30
24/01/2024;11.13;13.15;25.56;18.71;15.28;14.99;3.73;8.23;3.94;6.12;1.19;0.88;2.03;39.66;120.60;24.20;9.89;25.45;3.12;34.70;3.81;161.75;34.90;39.01;64.84;1.79;9.50;19.53;14.70;64.35;25.56;16.01;6.31;;5.83;9.45
25/01/2024;11.07;13.20;25.32;18.65;15.11;14.87;3.63;8.09;3.84;5.75;1.15;0.86;2.03;39.50;120.60;24.14;9.91;25.34;3.11;35.15;3.80;163.05;35.08;39.14;65.54;1.82;9.40;19.50;14.47;63.65;25.74;16.12;6.35;;5.74;9.44
26/01/2024;10.97;13.45;25.18;18.61;14.97;15.04;3.65;8.09;3.86;5.80;1.17;0.87;2.03;39.62;121.80;24.06;9.89;25.41;3.14;35.70;3.82;163.60;35.53;38.87;66.10;1.81;9.56;19.46;13.43;64.75;26.00;16.20;6.35;;5.75;9.49
29/01/2024;11.02;13.67;25.08;18.48;15.07;15.23;3.57;8.11;3.86;5.75;1.17;0.87;2.03;35.66;121.50;24.32;9.98;25.34;3.04;35.20;3.82;163.65;35.29;38.92;65.58;1.79;9.97;19.45;13.27;61.15;26.04;16.22;6.23;;5.72;9.55
30/01/2024;11.10;13.67;25.00;18.55;15.01;15.23;3.66;8.61;3.97;5.73;1.20;0.88;2.04;36.24;118.35;23.66;9.92;25.42;3.02;35.09;3.77;164.40;35.57;40.00;65.38;1.76;10.45;19.86;13.56;63.25;26.18;16.35;6.25;;5.63;9.49
31/01/2024;11.18;13.74;25.00;18.36;15.09;15.43;3.74;8.68;3.95;5.72;1.21;0.89;2.04;36.59;120.25;24.10;9.78;25.63;3.06;35.78;3.77;164.25;35.41;39.71;65.06;1.74;10.15;20.12;13.70;64.05;26.24;16.47;6.29;;5.60;9.51
01/02/2024;11.13;13.87;24.66;18.09;14.94;15.29;3.74;8.67;3.92;5.60;1.17;0.88;2.03;36.61;118.45;23.72;9.69;25.54;3.07;35.61;3.73;164.00;34.29;39.55;64.50;1.71;10.07;20.00;13.53;63.35;26.06;16.33;6.20;;5.33;9.33
02/02/2024;11.05;13.53;24.34;17.97;14.89;15.11;3.88;8.96;3.91;5.62;1.17;0.89;2.03;36.86;117.55;23.68;9.67;25.71;3.07;34.75;3.70;164.55;34.35;39.63;64.58;1.72;10.26;20.20;13.44;62.95;26.04;16.00;6.27;;5.42;9.33
05/02/2024;11.02;13.31;24.50;18.01;14.74;15.09;3.68;8.93;3.87;5.57;1.16;0.88;2.04;36.46;115.10;23.62;10.04;24.98;3.08;33.86;3.66;166.15;35.12;38.81;63.92;1.71;10.38;20.36;13.42;65.20;26.48;16.02;6.23;;5.38;9.38
06/02/2024;10.80;13.55;24.14;17.82;14.70;14.86;3.75;9.10;3.95;5.63;1.15;0.93;2.05;36.50;114.45;23.26;10.54;25.47;3.15;33.80;3.65;172.10;35.52;39.07;64.16;1.74;10.55;20.96;13.07;64.95;26.74;16.06;6.35;;5.33;9.36
07/02/2024;10.67;13.54;23.58;17.61;14.47;14.69;3.68;8.99;3.91;5.56;1.13;0.95;2.03;36.05;114.20;23.34;10.37;25.20;3.12;33.20;3.59;169.15;35.64;38.50;64.46;1.72;10.26;20.58;13.07;66.00;26.80;16.09;6.31;;5.33;9.28
08/02/2024;10.62;13.72;23.64;17.49;14.52;14.50;3.66;9.12;3.96;5.53;1.11;0.93;2.01;35.94;112.40;22.44;10.44;26.43;3.10;33.55;3.58;168.20;35.65;38.88;64.22;1.70;10.12;20.62;12.91;66.50;26.64;15.95;6.33;;5.24;9.32
09/02/2024;10.69;13.79;23.32;17.08;14.41;14.40;3.68;9.15;3.93;5.59;1.11;0.92;1.99;35.73;109.95;21.58;10.50;26.50;3.07;33.07;3.55;167.05;35.63;39.06;63.24;1.68;10.24;20.94;12.78;67.70;26.66;16.10;6.31;;5.13;9.15
12/02/2024;10.79;13.95;23.60;17.31;14.58;14.61;3.71;9.25;3.92;5.73;1.14;0.96;2.02;36.21;112.45;22.14;10.56;26.49;3.13;33.60;3.59;166.55;35.49;39.42;63.40;1.71;10.69;21.06;13.20;67.55;26.76;16.22;6.38;;5.22;9.33
13/02/2024;10.77;14.01;23.42;17.17;14.45;14.52;3.66;9.27;4.02;5.81;1.18;0.94;2.04;36.39;110.35;21.50;10.32;25.34;3.10;32.48;3.58;166.45;35.18;39.11;62.02;1.68;10.42;20.76;12.60;68.15;26.64;15.94;6.22;;5.08;9.13
14/02/2024;10.79;13.88;23.26;16.91;14.34;14.47;3.67;9.19;3.99;5.75;1.18;0.93;1.92;36.51;110.10;21.12;10.20;25.17;3.09;32.96;3.58;165.95;35.36;39.21;62.02;1.69;10.62;21.06;12.70;69.20;26.78;15.96;6.19;;5.07;9.10
15/02/2024;10.86;13.81;23.22;16.96;14.46;14.81;3.67;9.04;3.97;5.78;1.15;0.95;1.95;36.93;111.90;21.50;10.38;25.21;3.12;33.33;3.62;166.25;35.40;39.39;61.24;1.72;10.52;20.78;12.78;69.15;26.48;15.85;6.21;;5.13;9.17
16/02/2024;10.78;13.59;22.94;16.48;14.48;14.72;3.67;9.02;3.96;5.64;1.17;0.95;1.95;36.39;109.15;21.14;10.57;25.62;3.08;33.17;3.56;167.20;34.81;39.60;60.50;1.70;10.61;21.32;12.37;70.15;26.64;15.95;6.15;;5.18;9.17
19/02/2024;10.80;13.81;22.90;16.58;14.55;14.82;3.74;9.03;4.04;5.66;1.18;0.96;1.95;36.45;107.50;20.90;10.32;24.87;3.07;33.15;3.63;168.25;35.16;39.67;60.72;1.71;10.97;21.18;12.19;70.60;26.68;15.89;6.12;;5.15;9.17
20/02/2024;10.90;13.65;23.02;16.75;14.93;15.09;3.80;9.10;4.10;5.72;1.18;0.96;1.95;36.63;108.50;20.84;10.16;24.41;3.07;33.36;3.67;170.50;35.50;40.10;61.40;1.73;10.93;21.12;12.07;70.75;26.78;15.83;6.79;;5.13;9.19
21/02/2024;10.94;13.68;23.16;16.95;15.03;15.03;3.82;9.29;4.10;5.73;1.16;0.96;1.96;36.73;107.90;20.60;10.29;24.36;3.09;33.70;3.68;171.40;35.45;40.81;61.30;1.76;10.80;21.14;12.07;70.70;27.12;15.75;6.85;;5.12;9.18
22/02/2024;10.75;14.43;23.10;16.87;14.68;14.90;3.84;9.33;4.09;5.80;1.19;0.98;1.98;37.07;106.15;20.28;10.36;24.36;3.08;33.99;3.74;171.65;35.40;41.04;61.32;1.80;11.02;20.92;11.87;71.70;27.24;15.89;6.88;;5.15;9.22
23/02/2024;10.63;14.56;23.14;16.73;14.37;14.79;3.83;9.43;4.10;5.81;1.19;0.97;1.97;37.16;104.65;19.78;10.26;24.31;3.05;34.15;3.78;176.00;34.90;41.01;60.26;1.78;11.50;19.97;11.57;71.05;27.30;15.93;6.93;;5.12;9.21
26/02/2024;10.52;14.58;22.48;16.59;13.62;14.84;3.82;9.46;4.14;5.85;1.21;0.97;1.97;36.94;101.55;19.69;10.23;24.04;3.06;34.31;3.78;176.30;35.00;41.60;59.86;1.81;11.77;19.81;11.41;71.50;27.48;16.07;6.98;;5.12;9.19
27/02/2024;10.54;14.76;22.32;16.57;13.36;14.82;3.82;9.37;4.17;5.89;1.23;0.98;1.97;37.53;104.25;19.97;10.40;24.37;3.08;34.38;3.81;173.80;34.75;41.04;59.58;1.83;11.79;19.72;11.51;67.50;25.38;16.03;6.82;;5.19;9.13
28/02/2024;10.48;14.61;21.92;16.09;13.17;14.52;3.86;9.32;4.17;5.92;1.22;0.96;1.96;37.77;100.30;19.56;10.20;24.10;3.03;33.17;3.83;175.90;34.45;41.01;58.68;1.79;11.66;19.85;11.61;70.90;25.12;17.08;6.72;;5.07;8.86
29/02/2024;10.62;14.73;21.88;16.64;13.35;14.70;3.85;9.19;4.17;5.87;1.20;0.94;1.96;37.94;103.45;19.10;10.14;24.13;3.03;33.27;3.79;175.15;34.65;41.01;54.38;1.73;7.58;21.56;11.02;74.05;24.84;17.67;6.59;;5.02;8.76
01/03/2024;10.51;14.70;21.10;16.18;13.21;14.73;3.87;9.36;4.25;6.00;1.24;0.96;1.97;37.13;106.75;19.79;9.57;24.08;3.05;33.57;3.82;174.95;34.50;41.10;57.00;1.71;8.98;21.62;11.05;75.35;24.68;17.69;6.68;;4.91;8.91
04/03/2024;10.58;14.55;20.46;16.04;13.00;14.84;3.86;9.41;4.30;6.07;1.25;0.96;1.98;37.74;110.15;20.34;9.46;23.76;2.99;33.34;3.83;176.50;34.35;41.10;57.02;1.69;8.08;21.44;11.03;75.40;24.78;17.86;6.51;;4.90;8.86
05/03/2024;10.76;14.47;20.88;16.25;13.24;15.14;3.87;9.49;4.34;6.09;1.27;0.97;2.03;38.00;112.15;21.06;9.50;23.33;2.95;34.33;3.83;177.20;34.35;40.65;57.44;1.66;7.77;21.52;11.38;75.30;24.54;17.59;6.59;;4.96;8.83
06/03/2024;10.82;14.47;20.74;16.77;13.19;15.25;3.91;9.66;4.39;6.16;1.28;0.99;2.06;38.50;112.50;21.22;9.54;23.44;3.00;33.77;3.84;177.25;34.50;40.95;58.50;1.74;6.90;22.08;11.50;75.35;24.68;17.87;6.66;;5.02;8.94
07/03/2024;11.10;14.44;20.86;16.96;13.46;15.40;3.98;9.85;4.38;6.15;1.30;0.99;2.08;39.15;117.00;21.68;9.62;23.82;3.02;34.55;3.84;175.65;35.30;41.15;57.38;1.78;6.93;22.34;12.07;78.90;24.84;18.27;6.66;;5.05;9.12
08/03/2024;10.99;14.42;20.42;16.65;13.39;15.39;3.99;9.90;4.37;6.22;1.30;0.99;2.06;39.07;113.85;20.82;9.60;23.90;2.98;34.51;3.85;179.70;35.16;40.67;57.30;1.79;8.30;22.46;11.66;77.65;24.56;18.12;6.70;;5.19;9.29
11/03/2024;11.05;14.52;20.32;16.46;13.51;15.35;3.98;9.94;4.41;6.31;1.32;0.99;2.05;38.77;112.80;20.88;9.64;23.90;3.10;34.41;3.88;179.10;36.04;40.37;57.10;1.80;8.48;22.16;11.45;78.70;24.94;18.05;6.78;;5.21;9.26
12/03/2024;10.86;14.67;19.70;15.98;13.31;15.12;4.06;10.20;4.42;6.40;1.34;1.01;2.09;39.04;111.75;20.36;9.63;24.65;3.07;34.05;3.87;181.65;36.04;41.08;58.44;1.80;8.15;22.50;10.21;76.50;25.08;18.07;6.91;;5.10;9.11
13/03/2024;10.96;15.02;19.54;16.31;13.25;15.09;4.09;10.27;4.46;6.41;1.35;1.01;2.08;39.93;112.30;20.18;9.78;24.73;3.14;33.70;3.89;181.95;36.40;44.26;58.30;1.80;7.95;22.36;10.04;78.30;25.08;18.29;6.98;;5.08;9.15
14/03/2024;10.83;15.10;19.73;16.12;13.27;15.18;4.05;10.19;4.39;6.41;1.35;1.00;2.08;40.12;112.50;20.54;9.58;24.45;3.12;32.53;3.87;179.70;36.12;44.76;57.74;1.74;7.20;22.18;10.30;78.10;25.14;18.53;6.97;;5.10;9.22
15/03/2024;10.98;15.03;20.16;16.32;13.26;15.28;4.12;10.42;4.50;6.57;1.38;1.03;2.08;39.86;112.90;20.32;9.64;24.23;3.11;32.20;3.92;178.25;36.30;45.08;57.50;1.85;7.53;22.04;10.03;77.55;25.28;18.62;6.82;;5.13;9.12
18/03/2024;10.99;15.24;19.72;16.28;13.18;15.46;4.14;10.39;4.57;6.60;1.40;1.05;2.07;40.14;110.50;20.08;9.62;24.37;3.13;31.72;3.90;176.20;36.34;44.98;57.36;1.83;7.49;21.58;10.25;78.70;25.26;18.71;6.91;;5.12;9.14
19/03/2024;11.00;15.45;20.10;16.23;13.41;15.45;4.19;10.51;4.67;6.74;1.43;1.06;2.08;39.70;108.15;19.95;9.62;24.40;3.15;32.50;3.90;177.35;36.42;45.82;57.36;1.87;7.74;21.76;10.06;79.50;25.38;18.75;6.96;;5.16;9.14
20/03/2024;11.08;15.36;19.90;16.40;13.39;15.86;4.19;10.53;4.73;6.81;1.43;1.07;2.11;40.35;108.75;19.69;9.69;24.56;3.17;32.57;3.92;179.05;36.58;46.14;56.88;1.89;8.06;21.82;9.91;78.70;25.32;18.51;6.97;;5.21;9.17
21/03/2024;11.13;15.30;19.79;16.21;13.18;15.76;4.28;10.80;4.73;6.67;1.43;1.08;2.16;40.59;108.25;19.55;9.76;24.89;3.22;33.13;3.96;179.40;37.32;46.27;58.42;1.94;8.42;22.16;9.89;78.75;25.36;18.54;7.15;;5.26;9.40
22/03/2024;11.29;15.28;19.69;16.64;13.42;15.97;4.37;10.90;4.74;6.70;1.44;1.09;2.17;40.46;111.15;20.00;9.97;24.99;3.25;33.48;3.97;180.10;36.92;46.23;59.30;1.92;7.91;21.84;10.15;79.70;25.34;18.40;7.26;;5.35;9.50
25/03/2024;11.38;15.36;19.85;16.74;13.58;15.91;4.41;10.86;4.78;6.75;1.43;1.10;2.28;40.07;110.65;19.68;10.08;25.18;3.28;33.06;3.99;179.40;36.96;45.76;58.84;1.90;8.16;21.84;9.96;80.40;25.28;18.47;7.35;;5.39;9.59
26/03/2024;11.44;15.43;20.04;16.76;13.51;15.91;4.46;10.84;4.83;6.72;1.45;1.12;2.32;40.00;110.85;19.54;9.98;25.14;3.29;32.90;4.06;180.95;36.68;45.73;58.58;1.93;8.30;21.88;9.95;80.15;25.48;18.77;7.41;;5.42;9.70
27/03/2024;11.61;15.37;20.14;17.08;13.70;15.98;4.50;10.91;4.87;6.76;1.44;1.13;2.36;40.04;114.90;20.36;10.10;25.52;3.34;32.86;4.09;182.00;37.10;46.66;59.42;2.00;8.30;21.90;10.22;80.65;25.76;19.00;7.40;;5.43;9.80
28/03/2024;11.50;15.44;20.10;17.17;13.77;15.81;4.52;11.04;4.49;6.78;1.46;1.15;2.34;38.78;112.85;20.18;10.17;25.47;3.42;32.77;4.09;182.45;36.68;46.67;59.44;2.07;8.34;21.92;10.11;80.90;25.90;19.21;7.49;;5.49;9.98
02/04/2024;11.44;15.94;20.30;16.81;13.71;15.69;4.52;10.97;4.58;6.89;1.46;1.14;2.34;38.48;109.90;20.00;10.11;25.53;3.39;31.50;4.07;179.50;35.40;45.88;58.00;2.03;8.39;21.24;9.78;81.95;25.84;18.95;7.25;;5.28;9.69
03/04/2024;11.41;15.91;20.40;16.89;13.74;15.71;4.58;11.05;4.59;6.92;1.52;1.15;2.35;38.72;110.00;20.20;10.29;25.56;3.39;31.00;4.04;180.80;35.70;46.49;57.64;2.04;8.72;21.18;9.69;79.75;26.02;18.90;7.37;;5.30;9.53
04/04/2024;11.43;16.09;20.62;17.15;13.79;15.69;4.68;11.24;4.68;7.00;1.54;1.17;2.38;38.24;112.00;20.50;10.33;25.70;3.40;30.71;4.06;179.70;35.50;46.01;57.54;2.06;9.05;21.16;9.92;80.85;26.04;18.99;7.44;;5.31;9.72
05/04/2024;11.25;16.17;19.96;17.08;13.36;15.40;4.59;11.01;4.67;6.98;1.53;1.17;2.33;37.90;107.50;19.54;10.27;25.30;3.36;29.77;3.98;177.20;35.12;45.20;56.92;2.00;9.03;20.76;9.60;81.75;25.54;18.83;7.29;;5.21;9.60
08/04/2024;11.19;16.09;20.14;17.01;13.38;15.48;4.64;10.65;4.77;7.06;1.55;1.19;2.33;37.88;109.10;19.85;10.37;25.65;3.38;29.79;3.97;178.30;34.94;45.01;57.56;2.05;9.42;20.80;9.66;82.50;25.60;18.99;7.35;;5.37;9.71
09/04/2024;11.13;15.80;20.28;17.30;13.57;15.49;4.57;10.48;4.72;7.00;1.50;1.17;2.28;37.78;110.30;19.90;10.51;25.66;3.39;30.80;3.97;177.90;34.62;44.20;57.04;2.04;9.44;20.42;9.61;81.85;25.10;18.39;7.20;;5.47;9.83
10/04/2024;11.01;15.66;20.36;16.92;13.50;15.44;4.58;10.43;4.79;7.04;1.52;1.17;2.31;37.54;106.70;19.36;10.54;25.65;3.39;30.58;3.94;177.80;34.52;43.62;58.10;2.05;9.10;20.00;9.43;81.60;25.02;18.37;7.26;;5.36;9.83
11/04/2024;11.13;15.36;20.46;16.93;13.60;15.51;4.46;10.12;4.64;6.91;1.47;1.13;2.28;37.60;107.60;19.83;10.52;25.53;3.34;30.46;3.93;172.80;34.20;43.44;57.92;1.97;8.71;19.92;9.65;81.90;25.04;18.40;7.42;;5.45;9.91
12/04/2024;11.25;15.88;20.82;17.30;13.75;15.77;4.45;10.05;4.67;6.84;1.44;1.14;2.27;37.92;110.10;20.12;10.52;25.72;3.36;31.01;3.96;173.20;34.36;43.66;57.10;1.90;8.57;19.68;9.85;82.25;24.98;18.43;7.24;;5.42;10.02
15/04/2024;11.26;15.67;20.82;17.08;13.56;15.69;4.47;10.17;4.70;6.89;1.45;1.15;2.24;37.64;107.60;19.56;10.49;25.51;3.34;30.30;3.92;172.60;33.68;44.29;56.22;1.88;8.58;19.63;9.50;82.85;25.10;18.57;7.20;;5.36;9.97
16/04/2024;11.13;15.22;21.52;17.17;13.43;15.53;4.36;9.96;4.63;6.81;1.40;1.13;2.17;38.14;107.30;19.95;9.86;23.74;3.27;29.61;3.88;173.00;33.60;43.50;56.08;1.85;8.70;19.22;9.76;81.65;24.74;18.44;7.06;;5.23;10.00
17/04/2024;11.21;15.20;22.84;17.30;13.50;15.62;4.42;10.22;4.69;6.91;1.44;1.11;2.19;38.66;107.60;19.96;9.92;23.52;3.31;30.44;3.91;174.20;33.54;43.58;56.28;1.88;8.83;19.20;10.00;80.70;24.72;18.11;7.06;;5.31;10.01
18/04/2024;11.30;15.05;22.90;17.55;13.49;15.75;4.54;10.42;4.82;7.28;1.50;1.15;2.23;38.28;108.50;20.02;9.99;23.81;3.33;30.55;3.96;174.40;33.22;43.74;57.24;1.98;8.62;19.20;10.02;79.45;25.04;18.04;7.20;;5.35;10.25
19/04/2024;11.34;14.95;22.96;17.42;13.68;15.94;4.51;10.21;4.81;7.25;1.48;1.14;2.23;38.22;107.20;19.53;9.96;23.82;3.31;30.70;4.01;173.20;33.22;43.74;57.42;1.97;8.35;18.99;9.66;79.40;25.20;17.89;7.15;;5.43;10.21
22/04/2024;11.45;14.89;23.30;17.15;13.87;15.99;4.67;10.43;4.86;7.27;1.49;1.15;2.25;38.46;107.20;19.35;9.97;24.12;3.35;31.07;4.10;172.40;33.60;44.65;57.74;2.03;8.23;19.35;9.70;79.45;25.36;17.97;7.21;;5.51;10.36
23/04/2024;11.54;15.05;23.72;17.24;13.88;16.01;4.75;10.66;4.94;7.26;1.52;1.15;2.28;38.48;108.70;19.39;9.88;23.50;3.38;31.84;4.14;175.80;34.20;46.03;59.00;2.05;8.66;19.95;9.87;80.45;25.56;18.18;7.33;;5.54;10.44
24/04/2024;11.53;15.01;23.92;17.11;13.81;15.93;4.78;10.55;4.94;7.27;1.51;1.15;2.28;38.36;107.40;18.94;10.03;23.66;3.38;31.06;4.12;175.70;34.34;45.19;59.48;2.06;8.38;20.42;9.86;79.60;25.44;18.36;7.44;;5.49;10.34
25/04/2024;11.46;15.01;23.38;16.93;13.72;15.64;4.75;10.51;5.02;7.31;1.64;1.18;2.28;37.70;104.90;18.76;10.14;23.54;3.31;31.16;4.15;174.50;33.70;44.70;59.20;2.05;8.09;19.66;9.50;84.70;25.38;18.10;7.37;;5.46;10.35
26/04/2024;11.61;14.72;23.36;17.06;13.78;15.57;4.85;10.99;5.11;7.33;1.69;1.20;2.28;37.82;109.20;19.27;10.13;23.76;3.32;31.39;4.22;175.80;33.70;45.34;59.64;2.06;8.39;19.93;9.57;85.00;25.46;18.20;7.42;;5.56;10.56
29/04/2024;11.66;14.96;23.94;17.14;13.90;15.73;4.75;10.90;5.12;7.37;1.74;1.22;2.28;37.98;111.50;19.62;10.30;24.06;3.34;31.74;4.25;175.60;33.88;43.87;59.46;2.07;8.45;20.16;9.76;82.70;25.72;18.13;7.47;;5.59;10.66
30/04/2024;11.51;14.73;23.72;17.10;13.76;15.65;4.57;10.18;4.95;7.42;1.80;1.23;2.26;37.58;108.70;19.06;10.12;23.58;3.27;31.05;4.21;171.60;33.80;42.85;59.76;2.05;8.65;19.90;9.58;84.30;25.56;18.03;7.31;;5.50;10.61
02/05/2024;11.58;14.40;23.86;17.28;13.73;15.91;4.57;9.78;4.94;7.54;1.86;1.29;2.26;37.80;111.00;19.62;10.23;24.34;3.31;31.90;4.23;180.50;34.06;42.50;60.90;2.09;8.74;19.99;9.87;82.20;25.70;18.04;7.39;;5.62;10.77
03/05/2024;11.58;14.38;24.06;17.24;14.05;15.91;4.53;9.85;4.76;7.39;1.89;1.27;2.24;37.86;113.90;20.20;10.15;24.31;3.40;32.82;4.26;172.70;34.22;42.82;59.56;2.08;8.89;20.38;10.28;82.85;25.60;18.01;7.44;;5.65;10.73
06/05/2024;11.65;14.50;24.00;17.34;14.05;15.89;4.57;9.84;4.87;7.38;1.89;1.26;2.30;38.32;114.10;20.02;10.20;24.38;3.44;32.55;4.28;173.00;35.04;42.69;59.26;2.13;9.52;20.68;10.32;84.45;25.74;19.60;7.48;;5.69;10.69
07/05/2024;11.90;14.48;24.06;17.59;14.09;16.08;4.73;10.20;4.94;7.56;1.88;1.27;2.30;38.68;116.20;20.68;10.15;23.96;3.49;32.84;4.28;173.40;35.52;43.06;59.60;2.07;9.29;21.68;10.86;82.80;25.92;19.75;7.48;;5.77;10.79
08/05/2024;11.97;14.65;24.36;17.65;14.13;16.30;4.77;10.29;4.92;7.52;1.80;1.26;2.31;38.72;116.80;20.70;10.21;23.62;3.56;32.87;4.19;175.10;35.74;43.62;61.60;2.14;9.33;20.88;10.90;81.40;26.00;19.97;7.54;;5.81;10.78
09/05/2024;12.00;14.77;24.38;17.70;14.30;16.30;4.77;9.60;4.88;7.44;1.86;1.26;2.30;38.96;117.50;21.22;10.18;23.70;3.58;33.17;4.16;173.90;35.42;42.76;62.08;2.11;9.36;21.72;11.00;81.55;26.10;19.77;7.51;;5.79;10.79
10/05/2024;12.21;14.84;24.62;17.99;14.49;16.45;4.73;9.71;4.93;7.57;1.87;1.28;2.31;39.00;121.20;21.82;10.38;23.90;3.60;33.48;4.11;175.90;34.58;42.88;62.26;2.11;9.42;23.30;11.16;83.60;26.42;19.86;7.75;;5.80;10.69
13/05/2024;12.16;14.90;24.74;17.83;14.38;16.49;4.76;9.72;4.92;7.54;1.87;1.29;2.31;39.36;119.90;21.68;10.38;23.95;3.68;33.05;4.14;177.90;35.04;43.42;63.16;2.17;9.80;22.66;11.21;84.55;26.64;19.85;7.89;;5.82;10.68
14/05/2024;12.20;14.83;24.94;17.96;14.34;16.49;4.75;9.90;4.96;7.61;1.87;1.30;2.31;39.44;121.80;22.10;10.42;24.12;3.71;33.83;4.13;180.80;36.58;43.48;64.32;2.14;9.85;23.50;11.60;84.40;26.48;20.00;7.74;;5.90;10.70
15/05/2024;12.36;14.69;24.90;18.21;14.24;16.76;4.81;10.20;4.88;7.61;1.90;1.31;2.33;39.48;123.90;22.32;10.44;23.89;3.75;34.83;4.15;181.60;37.40;43.80;64.66;2.13;10.18;23.86;11.42;85.75;27.02;20.12;7.81;;6.15;11.06
16/05/2024;12.36;14.68;24.84;18.23;14.13;16.77;4.80;9.97;4.82;7.51;1.86;1.30;2.34;39.76;124.30;22.26;10.56;24.33;3.73;35.02;4.13;181.00;36.72;43.30;65.66;2.06;9.95;23.84;11.41;85.75;26.86;20.20;7.70;;6.40;11.24
17/05/2024;12.32;14.87;25.02;18.24;14.09;16.75;4.86;10.02;4.89;7.69;1.89;1.33;2.35;39.84;122.50;21.94;10.50;24.28;3.67;35.26;4.14;178.80;37.02;43.15;65.58;2.08;9.89;23.86;11.02;86.35;26.76;20.42;7.84;;6.20;10.82
20/05/2024;12.29;14.96;24.98;18.34;14.25;16.67;4.88;9.93;4.99;7.80;1.89;1.32;2.36;39.48;123.50;21.74;10.39;24.19;3.67;34.98;4.19;178.40;36.40;43.43;66.04;2.07;9.92;24.16;11.00;87.80;26.84;20.58;7.91;;6.19;10.72
21/05/2024;12.31;14.88;25.02;18.26;14.09;16.64;4.84;9.99;5.05;7.86;1.90;1.33;2.36;39.54;123.50;21.44;10.21;24.07;3.68;34.50;4.23;178.90;36.52;43.31;66.04;2.04;9.89;24.34;10.80;88.20;26.56;20.50;7.83;;6.16;10.55
21/05/2024;12.31;14.88;25.02;18.26;14.09;16.64;4.84;9.99;5.05;7.86;1.90;1.33;2.36;39.54;123.50;21.44;10.21;24.07;3.68;34.50;4.23;178.90;36.52;43.31;66.04;2.04;9.89;24.34;10.80;88.20;26.56;20.50;7.83;;6.16;10.55
22/05/2024;12.28;14.78;24.92;18.54;13.88;16.53;4.81;10.01;5.05;7.91;1.93;1.34;2.24;39.82;126.40;22.46;10.13;23.91;3.70;34.45;4.20;178.70;36.68;43.63;65.40;2.05;9.27;24.06;11.26;88.85;26.64;20.74;7.79;;6.18;10.86
23/05/2024;12.12;14.91;24.72;18.22;13.82;16.33;4.78;10.04;5.09;7.93;1.91;1.35;2.22;39.74;124.90;22.30;10.12;23.72;3.65;34.05;4.17;179.80;36.72;44.33;64.98;2.02;9.15;23.82;11.53;90.05;26.56;20.86;7.73;;6.10;10.62
24/05/2024;12.02;14.91;24.54;18.17;13.95;16.26;4.75;9.96;5.11;7.93;1.91;1.34;2.23;40.84;116.00;21.12;10.12;23.84;3.41;33.45;4.16;177.40;36.32;44.30;63.98;2.03;9.16;23.54;11.21;91.50;26.68;20.80;7.75;;6.08;10.66
27/05/2024;12.20;15.05;24.82;18.33;14.14;16.50;4.76;9.98;5.11;7.92;1.91;1.32;2.22;41.16;120.60;22.04;10.19;23.96;3.45;33.83;4.19;178.70;36.66;44.75;63.94;2.04;9.40;23.64;11.80;89.40;26.80;20.74;7.81;;6.13;10.75
28/05/2024;12.15;15.15;24.68;18.32;13.96;16.40;4.76;9.94;5.18;7.97;1.92;1.31;2.20;41.30;118.80;21.40;10.08;23.92;3.40;33.75;4.21;177.30;36.50;43.80;63.66;2.04;9.34;23.38;11.50;88.50;26.52;20.36;7.73;;6.18;10.71
29/05/2024;11.93;15.05;24.36;18.01;13.80;16.21;4.69;9.77;5.14;7.92;1.90;1.32;2.19;40.88;115.00;20.48;10.04;23.19;3.37;33.14;4.18;177.00;36.10;43.58;64.02;1.99;9.01;23.12;11.04;88.10;26.30;20.74;7.65;;6.07;10.58
30/05/2024;12.08;14.85;24.64;18.13;14.03;16.49;4.79;9.97;5.25;8.14;1.94;1.34;2.21;41.06;120.90;21.48;10.05;23.91;3.40;33.88;4.26;179.70;36.32;44.36;65.98;2.01;9.19;22.96;11.78;88.00;26.46;21.24;7.87;;6.24;10.92
31/05/2024;12.10;15.02;24.68;18.30;14.13;16.54;4.83;9.94;5.27;8.12;1.94;1.35;2.21;41.12;117.90;21.40;10.07;24.15;3.45;33.53;4.29;179.60;36.26;43.56;65.34;2.01;9.33;22.34;11.79;87.75;26.48;21.10;7.93;;6.22;11.02
03/06/2024;12.25;14.83;24.80;18.52;14.37;16.77;4.85;9.77;5.29;8.16;1.92;1.33;2.22;41.66;120.60;21.88;10.12;24.34;3.49;34.42;4.36;182.10;36.36;44.00;65.76;2.06;9.61;22.40;12.22;88.75;26.44;21.60;8.05;;6.31;11.20
04/06/2024;12.31;14.57;24.70;18.70;14.54;16.94;4.74;9.46;5.03;7.81;1.86;1.28;2.19;41.00;119.80;21.96;10.02;23.81;3.44;34.34;4.46;180.80;36.50;43.93;66.18;2.06;9.39;22.42;12.10;89.55;26.34;21.38;8.07;;6.33;11.22
05/06/2024;12.39;14.50;24.58;18.65;14.69;16.94;4.68;9.55;5.02;7.61;1.87;1.28;2.20;41.06;120.30;22.06;9.92;23.35;3.49;34.45;4.40;180.10;36.34;45.57;68.14;2.05;9.52;22.40;12.13;90.00;26.68;21.52;8.12;;6.39;11.18
06/06/2024;12.33;14.57;24.68;18.71;14.80;16.98;4.74;9.80;5.21;7.83;1.90;1.31;2.23;40.94;119.00;21.62;9.91;23.54;3.47;34.48;4.42;182.60;36.54;45.99;67.66;2.03;9.36;22.30;11.77;90.45;26.86;21.76;7.99;;6.41;11.11
07/06/2024;12.18;14.60;24.70;18.43;14.67;16.98;4.73;9.89;5.26;7.93;1.92;1.31;2.22;41.26;118.60;21.28;9.88;23.39;3.46;33.63;4.38;184.70;36.14;45.67;67.64;2.01;9.35;22.30;11.54;90.00;26.88;21.56;7.80;;6.27;10.93
10/06/2024;12.17;14.70;24.86;18.55;14.65;16.90;4.71;9.76;5.27;7.96;1.90;1.30;2.20;40.62;118.30;21.06;9.91;23.30;3.44;33.58;4.34;181.10;36.06;45.71;67.40;1.99;9.12;22.30;11.40;89.15;26.68;21.52;7.79;;6.18;10.84
11/06/2024;12.08;14.46;21.14;18.25;14.30;16.84;4.61;9.59;5.10;7.78;1.87;1.27;2.15;39.90;117.00;20.68;9.89;22.68;3.41;32.54;4.28;181.20;35.60;45.47;65.86;1.98;9.02;22.18;11.50;87.80;26.50;20.94;7.73;;6.04;10.71
12/06/2024;12.20;14.32;20.82;18.38;14.23;16.96;4.60;9.34;5.10;7.77;1.83;1.28;2.18;40.20;117.60;21.04;9.93;22.53;3.48;33.07;4.24;185.40;36.54;46.47;67.34;2.01;9.35;22.56;11.73;88.15;26.72;20.88;7.84;;6.24;10.97
13/06/2024;12.19;14.16;21.04;18.41;14.08;16.90;4.40;9.12;4.98;7.65;1.78;1.27;2.14;39.64;115.90;20.62;9.80;22.21;3.44;32.97;4.14;185.10;36.14;46.14;65.66;1.98;9.25;21.72;11.44;87.30;26.32;20.48;7.64;;6.17;10.74
14/06/2024;12.13;14.31;20.98;18.62;14.24;17.06;4.38;9.02;4.88;7.55;1.74;1.24;2.13;39.22;115.60;20.86;9.76;21.83;3.39;32.39;4.11;184.60;36.62;45.96;64.20;1.94;9.19;21.50;12.56;86.80;26.28;20.18;7.49;;6.01;10.60
17/06/2024;11.96;14.30;20.44;18.47;14.03;16.90;4.41;9.07;4.86;7.63;1.75;1.24;2.14;39.32;111.30;20.54;9.79;21.85;3.32;31.63;4.15;183.30;35.56;46.44;62.92;1.95;9.15;21.66;12.05;87.20;26.32;20.20;7.47;;5.96;10.52
18/06/2024;12.09;14.50;20.56;18.75;14.41;17.17;4.45;9.22;5.00;7.70;1.77;1.25;2.17;39.62;112.80;20.24;9.93;22.08;3.36;31.99;4.00;184.90;36.36;46.86;63.02;1.99;9.20;21.66;11.98;85.20;26.60;20.32;7.59;;6.05;10.73
19/06/2024;11.99;14.57;20.30;18.89;14.34;17.33;4.45;9.25;5.05;7.84;1.78;1.27;2.17;39.36;111.40;19.92;9.95;22.00;3.32;31.31;4.00;185.80;36.38;46.88;63.00;2.02;8.69;21.64;11.85;85.00;26.72;20.62;7.51;;5.60;10.52
20/06/2024;12.16;14.67;20.46;19.01;14.53;17.41;4.44;9.35;5.10;7.91;1.78;1.27;2.20;40.40;113.60;20.18;9.92;22.39;3.37;31.73;4.04;185.70;36.48;47.43;64.20;2.03;9.05;22.00;12.08;86.05;26.98;20.84;7.58;;5.71;10.74
21/06/2024;12.18;14.67;20.12;18.90;14.55;17.28;4.34;9.19;4.94;7.66;1.77;1.25;2.16;39.66;112.40;19.72;9.74;21.96;3.30;30.94;4.09;187.70;36.06;46.83;63.80;2.00;9.12;21.40;11.90;82.20;26.82;20.76;7.53;;5.53;10.54
24/06/2024;12.32;14.80;20.82;19.06;14.46;17.32;4.41;9.39;5.01;7.70;1.81;1.28;2.19;40.90;115.70;20.18;9.82;22.15;3.39;31.47;4.11;188.00;36.56;47.21;64.02;2.03;9.34;21.66;12.24;83.55;27.42;20.32;7.63;;5.56;10.67
25/06/2024;12.45;14.76;20.72;19.17;14.41;17.29;4.38;9.28;5.01;7.71;1.79;1.27;2.17;40.74;115.30;19.98;9.72;21.88;3.33;31.25;4.04;186.60;36.64;46.82;64.10;1.99;9.11;19.94;11.97;83.00;27.12;19.98;7.68;;5.47;10.54
26/06/2024;12.30;14.66;20.64;19.01;14.17;16.92;4.34;9.20;4.95;7.60;1.77;1.27;2.15;40.68;113.30;19.58;9.60;21.38;3.31;30.96;4.02;187.70;36.56;46.61;63.78;1.94;9.08;19.64;11.92;85.40;26.80;19.86;7.63;;5.41;10.30
27/06/2024;12.15;14.64;20.32;17.80;14.02;16.26;4.34;9.24;4.95;7.60;1.79;1.26;2.16;40.02;112.40;19.44;9.51;21.12;3.29;30.59;3.99;188.10;36.50;46.48;62.36;1.90;7.97;19.44;11.59;86.95;26.62;19.34;7.58;;5.44;10.28
28/06/2024;12.12;14.74;20.16;17.54;13.89;16.32;4.33;9.35;4.94;7.63;1.80;1.27;2.15;40.28;110.30;19.23;9.69;21.38;3.29;30.37;3.96;188.00;36.26;46.36;62.14;1.92;7.86;19.49;11.57;87.55;26.42;19.31;7.67;;5.43;10.40
01/07/2024;12.32;14.89;20.68;17.82;14.10;16.35;4.45;9.50;5.04;7.69;1.85;1.31;2.17;40.12;113.00;19.63;9.76;21.30;3.32;30.79;3.98;188.20;36.46;45.90;62.52;1.93;8.13;19.35;11.60;86.80;26.56;19.44;7.71;;5.50;10.45
02/07/2024;12.19;15.13;20.48;17.77;12.79;16.05;4.32;9.40;4.99;7.64;1.82;1.27;2.13;38.44;105.60;19.09;9.75;21.15;3.34;30.73;3.92;188.20;36.26;45.25;61.90;1.94;7.96;19.17;11.26;86.35;26.50;18.99;7.63;;5.48;10.50
03/07/2024;12.28;14.92;20.78;17.80;12.90;16.13;4.42;9.59;5.01;7.59;1.86;1.27;2.12;38.74;107.10;19.07;9.85;21.52;3.37;31.23;3.96;191.20;36.98;45.69;63.34;2.04;8.42;19.40;11.20;84.95;26.70;18.95;7.80;;5.58;10.61
04/07/2024;11.84;14.63;20.96;18.08;13.15;16.20;4.51;9.61;5.13;7.78;1.89;1.29;2.14;38.86;108.90;19.07;9.98;21.66;3.41;31.31;3.98;191.00;37.14;45.69;63.36;2.06;8.63;19.59;11.38;84.95;27.10;19.15;7.82;;5.59;10.63
05/07/2024;11.88;14.37;21.28;18.30;12.96;16.34;4.45;9.61;5.07;7.64;1.87;1.28;2.11;38.68;109.00;18.92;9.85;21.48;3.40;31.39;3.97;190.30;37.38;45.42;62.54;2.04;8.99;19.44;11.78;85.50;27.02;19.20;7.55;;5.70;10.74
08/07/2024;11.84;14.11;21.28;18.22;12.86;16.25;4.45;9.57;5.11;7.58;1.87;1.29;2.14;39.08;109.20;18.80;9.89;21.22;3.39;31.37;3.97;189.70;37.18;45.61;62.58;2.08;9.86;19.75;11.36;84.75;27.30;19.08;7.62;;5.51;10.55
09/07/2024;11.74;13.76;21.30;17.92;12.75;16.23;4.38;9.50;5.09;7.56;1.85;1.28;2.11;38.52;109.00;18.55;9.79;20.75;3.32;30.79;3.93;188.00;36.40;45.37;61.62;2.04;9.66;19.40;11.22;82.05;26.54;18.59;7.38;;5.40;10.39
10/07/2024;11.83;13.99;21.60;18.00;13.55;16.45;4.50;9.66;5.20;7.54;1.87;1.31;2.14;38.96;112.00;18.95;9.86;20.80;3.39;31.63;4.00;190.80;37.18;45.80;62.10;2.12;10.12;19.42;11.45;82.90;26.76;18.93;7.34;;5.45;10.60
11/07/2024;12.02;13.73;21.76;18.31;13.56;16.56;4.46;9.71;5.18;7.51;1.89;1.30;2.16;39.20;114.00;19.52;9.90;21.01;3.43;33.31;4.04;192.90;38.10;46.48;62.16;2.11;10.03;19.99;11.65;84.20;27.34;19.05;7.36;;5.56;10.70
12/07/2024;12.05;13.80;21.76;18.35;13.58;16.46;4.51;9.79;5.22;7.70;1.91;1.30;2.17;39.36;114.50;19.45;10.00;21.58;3.39;33.36;4.03;193.20;38.22;47.29;63.12;2.07;9.83;20.42;11.72;86.30;27.44;19.24;7.42;;5.59;10.75
15/07/2024;11.83;13.66;21.48;17.98;13.38;16.16;4.45;9.81;5.23;7.66;1.90;1.31;2.15;39.22;111.40;18.70;9.96;21.65;3.35;32.79;3.99;193.70;38.30;46.42;63.08;2.08;9.21;20.22;11.09;86.00;27.50;19.06;7.45;;5.51;10.74
16/07/2024;11.77;13.49;21.50;17.83;13.31;16.15;4.44;9.68;5.30;7.83;1.89;1.32;2.14;39.20;111.20;18.54;9.89;21.12;3.33;32.70;3.96;193.00;38.24;45.93;63.00;2.06;9.14;20.74;11.08;86.70;27.56;19.47;7.51;;5.43;10.75
17/07/2024;11.85;13.45;21.88;17.85;13.44;16.25;4.47;9.82;5.35;7.82;1.93;1.33;2.15;39.00;112.80;19.01;9.51;21.28;3.31;32.60;4.01;191.90;38.12;45.29;62.20;2.07;9.20;20.82;11.07;86.00;27.52;19.55;7.27;;5.39;10.33
18/07/2024;11.86;13.37;22.08;18.00;13.82;16.32;4.49;9.95;5.43;8.19;1.95;1.35;2.16;39.04;115.90;19.00;9.57;21.16;3.33;32.54;4.13;190.40;38.26;45.25;61.20;2.06;9.25;19.65;11.16;85.10;27.70;19.73;7.26;;5.34;10.29
19/07/2024;11.75;13.29;21.92;17.75;13.68;16.25;4.43;9.88;5.45;8.29;1.94;1.36;2.16;39.00;112.20;18.87;9.45;20.74;3.26;32.56;4.11;189.90;38.24;45.23;60.90;2.02;9.23;19.14;11.14;84.80;27.52;19.55;7.21;;5.27;10.31
22/07/2024;11.71;13.27;21.94;17.90;13.81;16.18;4.53;10.09;5.51;8.25;2.00;1.37;2.17;38.90;112.80;18.60;9.51;20.87;3.30;32.42;4.13;186.00;38.70;45.26;60.56;1.95;9.14;19.59;11.00;88.00;27.86;19.96;;26.80;5.26;10.26
23/07/2024;11.79;13.27;22.22;17.91;13.69;16.27;4.57;10.20;5.56;8.27;2.04;1.37;2.18;39.20;111.90;18.33;9.37;20.55;3.32;32.32;4.12;187.20;38.74;45.73;61.36;1.96;9.01;19.74;11.05;87.85;27.74;19.81;;26.89;5.19;10.28
24/07/2024;11.97;13.24;22.32;17.99;13.61;16.33;4.71;10.10;5.53;8.23;2.02;1.36;2.19;38.92;113.30;18.41;9.73;20.82;3.27;31.81;4.12;184.80;38.46;45.07;60.40;1.94;9.18;19.91;11.18;87.20;27.54;19.38;;26.26;5.15;10.30
25/07/2024;12.15;13.16;22.80;18.04;13.67;16.37;4.55;10.03;5.45;8.06;2.00;1.34;2.18;38.78;115.00;18.40;9.69;20.77;3.22;31.39;4.17;184.70;38.18;44.80;60.58;1.96;9.08;19.78;11.08;88.05;26.88;19.23;;25.30;5.15;10.43
26/07/2024;12.21;13.02;22.74;18.03;13.62;16.29;4.53;10.04;5.42;8.07;1.99;1.33;2.26;38.96;117.00;18.90;9.71;20.74;3.25;32.21;4.17;185.40;38.06;44.96;60.24;1.98;9.21;20.34;11.12;88.55;27.22;19.20;;25.67;5.20;10.50
29/07/2024;12.19;13.04;22.76;18.02;13.65;16.37;4.47;10.03;5.36;7.96;1.99;1.34;2.27;38.86;117.50;18.94;9.64;20.74;3.26;32.25;4.16;186.50;38.00;44.54;59.84;1.95;9.09;20.22;11.17;88.80;27.16;19.20;;25.46;5.20;10.62
29/07/2024;12.19;13.04;22.76;18.02;13.65;16.37;4.47;10.03;5.36;7.96;1.99;1.34;2.27;38.86;117.50;18.94;9.64;20.74;3.26;32.25;4.16;186.50;38.00;44.54;59.84;1.95;9.09;20.22;11.17;88.80;27.16;19.20;;25.46;5.20;10.62
30/07/2024;12.18;13.04;22.46;18.01;13.71;16.32;4.51;10.18;5.42;7.94;2.01;1.27;2.26;40.56;117.40;18.97;9.62;20.61;3.27;32.46;4.21;186.70;38.74;45.16;60.42;1.96;9.07;20.26;10.92;86.20;27.34;18.82;;25.30;5.27;10.54
31/07/2024;12.18;13.18;22.18;17.90;13.84;16.37;4.46;9.70;5.39;7.89;1.95;1.24;2.24;41.26;119.50;19.45;9.69;20.95;3.26;32.18;4.18;175.10;36.74;44.86;60.74;1.97;9.30;20.58;11.01;89.00;27.32;18.54;;25.80;5.37;10.55
01/08/2024;12.16;13.10;22.04;17.97;13.84;16.39;4.26;9.21;5.18;7.63;1.84;1.21;2.19;39.84;119.20;19.74;9.52;19.96;3.14;33.56;4.15;170.60;36.06;44.88;58.56;1.90;9.03;22.34;11.16;85.25;27.14;18.20;;24.84;5.40;10.44
02/08/2024;12.35;12.79;22.48;18.42;14.02;16.84;4.05;8.87;4.88;7.21;1.77;1.18;2.14;38.68;120.70;19.94;9.25;19.42;3.11;34.35;4.12;169.80;36.18;43.78;56.90;1.96;8.86;22.64;11.14;79.10;27.00;17.64;;24.59;5.39;10.42
05/08/2024;11.95;12.36;21.92;17.53;13.30;16.09;3.99;8.69;4.78;7.11;1.71;1.13;2.08;37.94;114.60;19.38;8.96;19.06;2.99;33.71;4.04;166.50;35.36;43.31;55.72;1.91;8.48;21.20;10.70;76.90;26.20;16.95;;23.47;5.19;10.04
06/08/2024;11.95;12.39;22.12;17.66;13.41;16.08;3.96;8.62;4.77;7.11;1.72;1.13;2.10;37.84;113.80;19.50;9.03;19.56;3.02;33.28;4.00;166.30;35.20;42.94;55.64;1.92;8.70;21.28;10.85;76.65;26.28;16.97;;23.81;5.26;9.98
07/08/2024;12.13;12.61;22.34;18.11;13.61;16.38;4.07;8.86;4.94;7.27;1.78;1.16;2.14;38.74;116.90;20.06;9.20;20.04;3.08;34.05;4.01;171.00;36.04;43.47;56.72;1.92;8.95;21.56;11.18;77.00;26.76;17.05;;23.17;5.41;10.28
08/08/2024;12.06;12.59;22.26;17.90;13.59;16.25;4.07;8.82;4.94;7.29;1.77;1.15;2.13;38.70;116.90;20.08;9.13;19.99;3.05;33.46;4.03;171.50;35.70;43.41;56.44;1.92;8.82;21.38;10.95;76.70;26.44;16.70;;23.09;5.36;10.19
09/08/2024;12.08;12.68;22.16;17.78;13.54;16.31;4.10;8.90;4.95;7.28;1.78;1.16;2.13;38.92;115.70;20.20;9.15;20.06;3.06;34.38;4.03;172.80;35.78;44.22;56.80;1.95;8.77;21.34;10.89;76.65;26.70;16.71;;23.27;5.42;10.34
12/08/2024;12.11;12.77;22.24;17.92;13.54;16.41;4.09;8.92;4.98;7.29;1.79;1.15;2.13;38.94;116.00;20.14;9.16;20.12;3.09;34.04;4.03;173.30;35.78;44.25;56.70;1.95;8.73;21.28;11.05;76.20;26.72;16.61;;22.82;5.37;10.36
13/08/2024;12.27;12.76;22.48;18.23;13.69;16.66;4.11;8.97;5.04;7.35;1.79;1.16;2.15;39.22;118.00;20.52;9.07;19.78;3.11;34.45;4.04;175.80;36.32;44.41;56.86;1.95;8.26;21.32;11.19;76.30;26.80;16.45;;23.33;5.43;10.46
14/08/2024;12.30;12.68;22.68;18.20;13.71;16.75;4.10;8.96;5.11;7.42;1.79;1.17;2.17;39.40;117.40;20.26;9.04;19.71;3.11;34.43;4.06;174.40;36.40;44.90;56.90;1.95;8.30;21.40;11.08;75.00;27.06;16.55;;23.58;5.46;10.54
15/08/2024;12.30;12.82;22.64;18.14;13.57;16.71;4.22;9.18;5.29;7.62;1.85;1.20;2.21;40.22;117.80;20.26;9.11;20.09;3.12;33.97;4.06;175.00;36.70;45.36;57.82;2.00;8.21;21.74;11.18;75.65;27.14;16.53;;23.70;5.48;10.60
16/08/2024;12.35;12.79;22.86;18.21;13.62;16.73;4.23;9.23;5.28;7.67;1.86;1.21;2.22;40.34;118.90;20.36;9.11;20.22;3.13;34.01;4.08;174.60;36.36;46.59;57.86;2.00;8.48;21.78;11.08;76.20;27.20;16.52;;23.76;5.42;10.62
19/08/2024;12.55;12.84;23.00;18.38;13.66;16.80;4.29;9.40;5.34;7.81;1.91;1.21;2.24;40.62;122.50;20.56;9.24;20.68;3.17;34.36;4.13;175.70;36.64;47.50;58.66;2.02;8.70;21.90;11.26;76.55;27.52;16.46;;24.10;5.49;10.70
20/08/2024;12.53;12.69;22.88;18.25;13.56;16.84;4.24;9.34;5.32;7.82;1.90;1.20;2.22;40.58;122.50;20.88;9.13;20.54;3.13;34.26;4.09;176.30;36.44;48.14;58.64;2.03;8.88;21.84;11.41;76.75;27.36;16.42;;24.70;5.50;10.71
21/08/2024;12.54;12.59;22.90;18.32;13.48;16.83;4.26;9.36;5.32;7.85;1.90;1.21;2.22;40.46;121.00;20.74;9.27;20.87;3.12;34.40;4.04;176.80;36.46;48.51;59.12;2.04;9.22;21.78;11.19;76.20;27.36;16.60;;24.55;5.51;10.77
22/08/2024;12.60;12.55;22.98;18.51;13.54;16.95;4.28;9.35;5.34;7.85;1.90;1.21;2.22;40.54;121.60;20.58;9.25;20.63;3.15;34.39;4.04;177.00;36.64;48.85;59.26;2.08;9.44;21.82;11.37;76.90;27.44;16.71;;24.90;5.53;10.90
23/08/2024;12.69;12.63;23.18;18.85;13.67;17.08;4.35;9.44;5.37;7.90;1.92;1.22;2.24;40.84;123.50;20.78;9.39;20.82;3.16;35.13;4.06;178.10;37.12;49.40;59.64;2.12;9.78;22.24;11.56;77.35;27.54;16.71;;25.01;5.59;11.06
26/08/2024;12.72;12.67;23.20;18.86;13.72;17.16;4.33;9.42;5.38;7.91;1.92;1.21;2.24;40.44;123.90;20.92;9.42;21.00;3.20;35.28;4.09;177.30;36.68;49.19;60.06;2.10;9.58;22.22;11.54;76.95;27.42;16.81;;24.82;5.69;11.25
27/08/2024;12.69;12.64;23.08;18.86;13.72;17.02;4.44;9.47;5.45;8.01;1.93;1.22;2.25;40.56;123.70;20.66;9.47;20.83;3.22;35.34;4.10;179.50;36.60;49.24;60.80;2.17;9.77;21.98;11.26;76.80;27.04;16.67;;24.50;5.62;11.13
28/08/2024;12.77;12.45;23.06;19.00;13.87;17.17;4.47;9.47;5.45;8.02;1.92;1.22;2.26;40.88;123.60;20.74;9.43;21.06;3.23;35.45;4.08;179.50;37.28;48.66;60.16;2.16;9.85;22.24;11.11;77.80;27.38;16.75;;24.79;5.62;11.13
29/08/2024;12.74;12.44;23.00;19.01;13.80;17.05;4.49;9.51;5.40;7.95;1.92;1.22;2.25;41.14;122.00;20.64;9.51;21.16;3.23;35.00;4.08;181.00;37.36;49.35;60.70;2.17;9.88;22.26;11.12;78.30;27.40;16.94;;24.90;5.51;10.86
30/08/2024;12.82;12.46;23.06;19.10;13.96;17.18;4.50;9.59;5.46;8.00;1.94;1.23;2.28;41.12;122.30;20.92;9.52;21.18;3.25;34.93;4.09;182.60;37.74;48.98;60.94;2.17;10.02;22.38;11.25;79.55;27.80;16.92;;25.36;5.68;11.09
02/09/2024;12.88;12.41;22.96;19.22;13.97;17.26;4.48;9.55;5.44;8.06;1.95;1.22;2.28;41.08;124.00;20.80;9.57;21.26;3.26;34.80;4.16;183.00;37.88;48.66;60.70;2.16;10.05;21.98;11.36;79.10;27.82;17.00;;25.53;5.84;11.21
03/09/2024;12.89;12.07;22.98;19.25;13.96;17.31;4.37;9.28;5.31;7.94;1.87;1.18;2.26;40.92;123.80;20.56;9.30;20.25;3.23;34.73;4.17;182.60;37.60;48.48;60.74;2.19;9.86;21.92;11.01;78.55;27.82;16.62;;25.01;5.80;11.15
04/09/2024;12.96;11.95;22.90;19.11;14.03;17.25;4.35;9.05;5.29;7.93;1.83;1.17;2.24;40.56;125.00;20.78;9.13;20.02;3.20;35.16;4.20;181.00;37.44;47.87;59.86;2.21;9.76;21.28;11.27;78.40;27.90;16.53;;24.24;5.84;11.24
05/09/2024;13.15;11.95;23.00;19.28;14.28;17.50;4.39;9.11;5.37;8.03;1.85;1.19;2.28;40.94;127.70;21.70;9.16;20.20;3.23;35.40;4.23;182.50;37.56;46.93;60.80;2.24;9.52;21.34;11.72;78.95;27.84;16.52;;24.55;5.87;11.48
06/09/2024;13.16;11.73;22.94;19.45;14.10;17.34;4.29;8.91;5.32;7.93;1.81;1.16;2.24;40.04;126.20;21.62;8.96;20.01;3.16;35.28;4.21;182.60;37.58;46.60;61.58;2.24;9.31;21.12;11.50;80.80;27.60;16.35;;21.20;5.99;11.49
09/09/2024;13.33;11.81;22.86;19.50;14.13;17.45;4.34;9.03;5.43;7.96;1.82;1.16;2.26;40.30;127.50;22.08;8.97;20.15;3.21;35.39;4.21;185.00;38.08;46.55;62.74;2.27;9.30;21.52;11.62;82.25;27.70;16.58;;20.80;6.03;11.47
10/09/2024;13.34;11.62;22.94;19.69;14.02;17.57;4.25;8.92;5.39;7.92;1.81;1.15;2.24;40.32;125.50;21.82;8.98;19.72;3.10;35.94;4.18;185.10;37.80;46.28;62.54;2.28;9.23;21.84;11.38;76.45;27.68;16.67;;20.20;6.15;11.53
11/09/2024;13.36;11.63;23.00;19.67;13.97;17.44;4.25;8.89;5.33;7.95;1.80;1.15;2.24;40.42;125.40;21.92;8.93;19.70;3.11;36.12;4.21;188.00;37.42;48.38;62.26;2.29;9.81;21.36;11.71;75.10;27.70;16.50;;20.00;6.15;11.36
12/09/2024;13.29;11.80;22.96;19.72;13.77;17.31;4.33;9.07;5.47;8.02;1.83;1.16;2.26;40.52;125.30;21.86;9.05;20.16;3.12;36.15;4.21;189.50;37.34;49.82;62.44;2.31;10.02;21.08;11.70;73.80;28.00;16.71;;19.80;6.22;11.41
13/09/2024;13.41;11.86;23.00;19.88;13.78;17.18;4.41;9.25;5.48;7.95;1.88;1.17;2.29;40.76;127.70;21.84;9.27;20.51;3.17;36.77;4.24;191.10;37.96;50.38;63.40;2.36;10.24;21.30;11.99;73.70;27.94;16.83;;20.20;6.42;11.69
16/09/2024;13.52;11.74;22.98;19.83;14.08;17.39;4.44;9.32;5.43;7.93;1.89;1.15;2.30;41.00;129.90;21.64;9.27;20.51;3.15;36.70;4.31;191.80;37.78;50.38;63.72;2.37;10.10;21.24;11.93;74.95;27.94;16.59;;20.37;6.43;11.81
17/09/2024;13.72;11.72;23.00;19.99;14.08;17.36;4.51;9.41;5.38;7.89;1.89;1.16;2.33;41.70;131.90;21.66;9.37;20.96;3.19;36.87;4.34;194.30;38.48;51.04;65.18;2.44;10.27;21.70;12.06;74.00;27.90;16.53;;20.44;6.37;11.56
18/09/2024;13.57;11.74;22.44;19.66;13.77;17.09;4.51;9.46;5.39;7.89;1.90;1.16;2.38;41.74;130.40;21.60;9.47;21.10;3.19;36.82;4.40;196.70;38.32;50.94;65.10;2.45;10.06;21.62;12.02;73.95;27.68;16.22;;20.18;6.38;11.37
19/09/2024;13.39;11.85;22.26;19.31;13.70;16.92;4.60;9.77;5.45;7.95;1.94;1.19;2.40;41.92;129.10;21.24;9.82;21.85;3.24;35.85;4.34;197.50;38.24;52.06;65.72;2.48;10.08;22.66;12.06;75.25;27.78;16.70;;20.51;6.47;11.52
20/09/2024;13.56;11.68;22.68;19.38;13.53;16.91;4.56;9.74;5.51;7.89;1.95;1.17;2.39;41.56;125.00;20.38;9.65;21.48;3.19;35.78;4.32;197.60;37.96;52.02;65.12;2.47;9.83;22.16;11.70;73.25;27.54;16.40;;19.86;6.35;11.45
23/09/2024;13.74;11.77;23.00;19.65;13.76;17.16;4.49;9.74;5.45;7.95;1.95;1.18;2.39;41.98;126.70;20.60;9.67;21.44;3.19;36.40;4.39;199.50;38.56;52.30;65.28;2.46;9.54;21.78;11.80;72.90;27.48;16.46;;19.47;6.25;11.56
24/09/2024;13.67;11.78;23.20;19.75;13.77;17.23;4.55;9.72;5.43;7.92;1.94;1.17;2.40;42.22;124.30;20.76;10.02;22.45;3.21;36.02;4.42;198.60;38.58;53.26;65.04;2.45;9.48;21.94;11.54;72.05;27.10;16.60;;19.95;6.25;11.51
25/09/2024;13.64;11.71;23.08;19.67;13.78;17.43;4.52;9.66;5.48;7.99;1.94;1.17;2.39;41.94;124.80;20.84;9.84;22.22;3.22;36.15;4.43;198.00;38.50;52.38;65.62;2.45;9.40;22.46;11.81;71.95;27.08;16.45;;19.61;6.21;11.43
26/09/2024;13.67;11.60;23.22;19.67;13.79;17.37;4.64;9.95;5.66;8.14;2.01;1.20;2.42;42.16;125.60;20.80;9.88;23.25;3.27;36.32;4.41;198.00;38.76;53.22;66.12;2.50;9.85;23.14;11.96;72.15;27.24;16.68;;20.31;6.35;11.52
27/09/2024;13.72;11.76;23.46;19.78;13.87;17.59;4.66;9.94;5.44;7.93;1.91;1.15;2.42;42.18;127.80;21.30;9.73;23.46;3.28;36.58;4.43;201.00;38.82;53.32;67.10;2.54;10.15;23.60;11.66;72.20;27.28;16.80;;20.61;6.31;11.58
30/09/2024;13.89;11.85;23.22;19.63;13.78;17.47;4.60;9.71;5.36;7.93;1.91;1.15;2.39;41.48;127.50;21.12;9.67;23.54;3.25;36.43;4.40;197.60;38.58;53.14;64.92;2.47;10.23;23.50;11.47;71.60;27.06;16.49;;20.61;6.23;11.37
01/10/2024;13.91;11.94;23.48;19.80;13.83;17.47;4.38;9.30;5.08;7.55;1.78;1.07;2.39;41.46;124.60;20.70;9.59;23.55;3.25;36.95;4.39;197.40;38.68;52.34;64.92;2.35;9.93;23.10;11.68;71.25;26.88;16.48;;20.15;6.19;11.35
02/10/2024;13.64;11.98;23.18;19.52;13.62;17.14;4.43;9.25;5.11;7.56;1.79;1.07;2.38;41.56;122.50;20.10;9.51;23.54;3.27;36.83;4.35;196.10;38.60;51.98;64.12;2.29;10.05;23.04;12.38;71.50;26.80;17.15;;20.31;6.12;11.21
03/10/2024;13.69;12.13;23.20;19.38;13.52;17.15;4.43;9.33;5.17;7.59;1.80;1.06;2.36;41.42;122.00;20.52;9.39;23.21;3.20;36.49;4.31;198.30;38.24;51.92;64.48;2.25;10.13;22.84;12.40;71.85;26.66;16.78;;20.01;6.09;11.11
04/10/2024;13.57;12.31;23.22;19.18;13.57;17.09;4.48;9.55;5.30;7.70;1.85;1.07;2.39;41.94;122.10;20.26;9.48;23.38;3.22;36.30;4.35;198.30;36.54;51.86;64.72;2.30;10.23;23.38;12.16;73.45;26.90;17.18;;20.10;6.09;11.16
04/10/2024;13.57;12.31;23.22;19.18;13.57;17.09;4.48;9.55;5.30;7.70;1.85;1.07;2.39;41.94;122.10;20.26;9.48;23.38;3.22;36.30;4.35;198.30;36.54;51.86;64.72;2.30;10.23;23.38;12.16;73.45;26.90;17.18;;20.10;6.09;11.16
07/10/2024;13.51;12.42;23.58;19.04;13.52;17.02;4.56;9.65;5.36;7.72;1.87;1.08;2.39;41.86;121.00;20.14;9.44;23.23;3.20;35.63;4.38;198.90;37.10;52.42;65.10;2.29;10.18;23.14;12.06;72.50;26.84;17.06;;20.17;6.03;10.99
08/10/2024;13.72;12.06;23.80;19.26;13.54;17.24;4.56;9.31;5.35;7.58;1.86;1.08;2.40;41.84;122.90;20.24;9.29;22.42;3.19;35.77;4.41;200.80;37.22;52.96;65.24;2.34;10.08;23.14;12.24;73.75;27.12;17.02;;20.05;5.96;11.05
09/10/2024;13.77;12.04;23.56;19.37;13.62;17.32;4.53;9.27;5.32;7.49;1.85;1.08;2.42;42.46;124.10;20.46;9.28;22.57;3.22;35.90;4.43;202.20;37.32;52.78;65.96;2.36;10.10;23.36;12.15;73.85;27.42;17.26;;19.72;5.97;11.11
10/10/2024;13.53;12.05;23.24;18.68;13.30;16.65;4.54;9.23;5.30;7.55;1.84;1.07;2.43;42.32;118.50;19.85;9.18;22.60;3.21;35.27;4.42;199.50;37.54;52.66;65.76;2.36;9.93;23.30;11.80;73.60;26.96;17.00;;19.72;5.90;10.92
11/10/2024;13.62;12.02;23.62;18.93;13.32;16.74;4.57;9.29;5.36;7.53;1.86;1.07;2.46;42.52;119.50;20.18;9.11;22.65;3.27;35.37;4.40;198.90;37.46;53.22;65.76;2.37;9.70;23.04;11.80;74.20;27.20;17.06;;19.67;6.02;11.07
14/10/2024;13.84;11.93;23.62;19.33;13.36;16.90;4.61;9.40;5.49;7.65;1.89;1.09;2.51;42.76;120.30;20.06;9.12;22.53;3.27;35.90;4.41;202.20;37.94;54.04;66.12;2.38;9.64;23.28;11.40;75.00;27.12;17.19;;19.33;6.03;10.98
15/10/2024;14.07;11.69;23.86;19.67;13.43;17.08;4.63;9.44;5.50;7.63;1.88;1.09;2.53;43.12;120.60;20.08;9.10;22.06;3.28;36.25;4.42;205.60;38.32;54.10;66.42;2.49;9.74;23.18;11.00;75.35;27.54;17.14;;18.95;6.07;11.01
16/10/2024;14.18;11.71;23.82;19.88;13.52;17.34;4.61;9.29;5.44;7.56;1.85;1.10;2.49;44.04;123.20;20.18;9.09;22.07;3.33;36.78;4.53;208.00;38.90;54.96;67.08;2.53;9.79;23.04;10.81;76.00;27.62;17.09;;18.90;6.14;11.17
17/10/2024;14.07;11.73;23.50;19.71;13.47;17.24;4.58;9.10;5.41;7.52;1.83;1.08;2.48;44.06;122.50;20.26;9.10;22.10;3.30;36.33;4.50;205.00;38.80;54.58;66.66;2.56;9.85;22.56;10.81;76.30;27.62;16.75;;19.00;6.06;10.97
18/10/2024;13.99;11.72;23.52;19.67;13.55;17.20;4.64;9.29;5.54;7.62;1.87;1.09;2.49;43.88;124.20;20.80;9.10;22.47;3.28;36.12;4.44;204.00;38.96;53.70;67.54;2.56;9.99;22.72;10.85;76.10;27.50;16.90;;19.09;6.05;10.95
21/10/2024;14.05;11.82;23.34;19.67;13.39;17.10;4.58;9.07;5.42;7.45;1.84;1.09;2.49;44.02;123.70;20.42;8.97;22.12;3.11;35.41;4.41;203.00;38.28;53.94;67.30;2.57;10.00;22.28;10.48;77.00;27.54;16.58;;18.67;5.89;10.66
22/10/2024;13.84;11.95;23.06;19.53;13.31;16.90;4.62;9.14;5.46;7.51;1.86;1.09;2.48;43.96;118.60;19.22;9.00;22.17;3.15;34.60;4.37;202.20;38.04;54.24;67.88;2.58;10.17;22.84;10.10;76.85;27.52;17.20;;19.12;5.83;10.58
23/10/2024;14.04;11.87;23.24;19.69;13.63;17.01;4.61;9.16;5.43;7.59;1.83;1.09;2.48;43.84;120.10;19.42;8.97;21.96;3.11;34.75;4.35;202.60;38.18;54.50;67.74;2.55;10.09;22.80;10.04;76.10;27.70;16.97;;19.82;5.84;10.64
24/10/2024;14.03;11.87;23.26;19.75;13.67;17.03;4.56;9.03;5.33;7.37;1.81;1.08;2.50;43.94;121.80;19.76;8.95;21.97;3.13;35.20;4.35;203.80;37.78;55.00;67.50;2.57;10.12;23.04;10.02;72.80;27.80;17.00;;19.42;5.87;10.68
25/10/2024;13.95;11.97;23.22;19.68;13.59;16.85;4.58;9.04;5.36;7.35;1.81;1.07;2.52;43.76;123.20;20.00;8.96;22.24;3.14;35.12;4.33;204.80;37.20;54.56;67.24;2.55;10.25;23.08;10.08;74.75;27.68;16.69;;19.40;5.85;10.70
28/10/2024;14.07;11.81;23.34;19.81;13.52;16.90;4.63;9.06;5.44;7.38;1.80;1.08;2.57;44.30;123.70;19.93;9.08;22.96;3.17;35.30;4.35;207.00;37.80;54.70;68.52;2.58;10.00;23.52;10.17;76.25;28.20;16.79;;19.64;5.90;10.77
29/10/2024;13.91;11.64;23.28;19.71;13.33;16.72;4.49;9.02;5.47;7.41;1.80;1.09;2.69;44.36;120.60;19.55;8.63;22.90;3.08;34.71;4.36;206.00;37.84;54.46;67.84;2.52;9.97;23.22;9.92;78.30;28.18;16.75;;19.47;5.74;10.50
30/10/2024;13.76;11.69;23.36;19.63;13.26;16.48;4.41;9.09;5.52;7.44;1.82;1.11;2.63;44.22;120.40;19.51;8.52;22.66;3.06;34.37;4.34;204.80;37.02;53.70;67.04;2.52;10.32;23.08;9.80;78.95;28.04;16.65;;21.33;5.70;10.40
31/10/2024;13.65;11.45;22.86;19.81;13.02;17.00;4.49;9.15;5.59;7.49;1.79;1.15;2.63;44.00;117.40;18.96;8.41;22.68;3.06;33.70;4.31;203.00;36.88;52.30;66.60;2.50;10.25;24.72;9.62;78.10;28.10;16.20;;21.20;5.57;10.26
01/11/2024;13.83;11.60;23.12;19.95;12.93;17.04;4.61;9.42;5.69;7.65;1.85;1.18;2.62;44.70;118.70;19.20;8.47;22.70;3.08;34.06;4.33;205.80;37.22;52.68;67.28;2.55;10.44;25.60;9.65;79.90;28.46;16.47;;20.90;5.58;10.26
04/11/2024;13.72;11.74;22.46;19.80;12.95;16.78;4.60;9.55;5.85;7.73;1.86;1.20;2.60;44.06;121.70;19.43;8.55;22.74;3.06;33.89;4.34;201.60;36.24;52.04;67.30;2.54;10.40;25.66;9.76;77.70;28.24;16.19;;20.38;5.50;10.19
05/11/2024;13.75;11.94;22.24;19.97;12.86;16.71;4.63;9.61;5.78;7.86;1.87;1.22;2.61;44.30;120.50;19.20;8.61;23.04;3.05;33.41;4.32;201.20;36.36;52.54;67.88;2.56;10.33;25.50;9.69;76.60;28.18;16.13;;20.00;5.50;10.20
06/11/2024;13.17;11.78;21.78;19.25;12.65;16.33;4.41;8.97;5.57;7.56;1.75;1.16;2.58;44.38;110.80;17.86;9.05;23.17;2.94;32.50;4.29;201.40;35.72;51.64;67.26;2.66;10.45;24.10;9.14;75.65;28.80;16.13;;19.50;5.40;9.90
07/11/2024;13.11;11.82;22.02;19.25;12.60;16.26;4.52;9.34;5.61;7.67;1.79;1.19;2.60;43.90;112.70;18.31;9.47;24.65;2.96;32.24;4.20;198.00;35.90;51.68;67.72;2.63;10.67;24.74;9.31;65.75;28.92;16.43;;20.02;5.43;10.06
08/11/2024;13.21;11.49;22.00;19.30;12.65;16.44;4.43;9.10;5.50;7.51;1.77;1.17;2.58;42.98;112.20;18.58;9.38;24.10;2.96;33.05;4.21;199.30;36.00;52.00;68.00;2.82;11.13;24.38;9.70;64.60;29.04;16.53;;19.68;5.49;10.17
11/11/2024;13.37;11.52;22.00;19.40;12.60;16.53;4.53;9.12;5.57;7.49;1.77;1.18;2.59;42.80;113.10;18.79;9.30;23.76;2.99;33.81;4.16;200.00;36.62;51.00;67.92;2.89;10.91;24.36;9.78;66.25;29.40;16.64;;19.88;5.47;10.14
12/11/2024;13.19;11.41;21.82;19.43;12.49;16.38;4.40;8.91;5.44;7.44;1.75;1.16;2.54;42.04;110.50;18.42;8.92;22.65;2.92;32.47;4.10;197.30;36.32;50.28;66.84;2.85;10.62;24.06;9.66;65.35;29.40;16.45;;19.46;5.19;9.40
13/11/2024;13.21;11.37;21.64;19.42;12.49;16.26;4.40;8.88;5.50;7.36;1.74;1.16;2.53;41.36;109.50;18.38;8.88;22.62;2.93;31.68;4.08;195.40;36.00;50.76;67.00;2.84;10.86;24.36;9.85;65.40;29.36;16.34;;19.09;5.27;9.45
14/11/2024;13.37;11.56;22.26;19.68;12.66;16.45;4.50;9.09;5.49;7.50;1.80;1.19;2.55;41.48;113.20;19.01;8.91;23.52;2.96;32.01;4.15;196.40;36.70;51.02;67.00;2.87;11.30;24.10;9.88;65.20;29.28;16.40;;19.17;5.39;9.75
15/11/2024;13.39;11.68;22.46;19.79;12.71;16.74;4.58;9.38;5.61;7.70;1.84;1.23;2.60;41.64;116.70;19.48;9.10;23.97;2.99;31.72;4.21;197.80;36.72;51.02;67.50;2.89;11.13;24.18;10.18;62.15;29.36;16.48;;19.11;5.52;9.91
18/11/2024;13.33;11.94;22.58;19.79;12.73;16.59;4.62;9.43;5.69;7.89;1.86;1.25;2.59;41.48;117.10;19.54;9.15;24.11;3.00;31.50;4.28;198.00;36.56;51.26;67.22;2.92;10.90;24.10;9.90;62.20;29.64;16.44;;18.86;5.47;9.79
19/11/2024;13.40;11.79;22.48;19.95;12.74;16.76;4.55;9.33;5.39;7.63;1.83;1.22;2.57;41.48;114.60;19.37;8.99;23.99;2.99;32.10;4.33;197.90;36.82;51.08;65.70;2.87;10.34;23.96;9.15;61.65;29.66;16.50;;18.65;5.48;10.05
20/11/2024;13.35;11.83;22.52;20.10;12.74;16.80;4.51;9.23;5.41;7.63;1.83;1.23;2.56;42.00;115.10;19.61;9.00;23.84;3.02;32.06;4.33;200.80;36.66;51.28;66.04;2.91;10.47;23.72;8.77;62.00;29.74;16.49;;18.61;5.62;10.28
21/11/2024;13.33;11.88;22.44;19.82;12.69;16.68;4.53;9.25;5.46;7.72;1.84;1.24;2.59;42.28;116.20;19.47;9.24;23.92;3.05;31.54;4.26;199.60;36.72;51.80;65.94;2.96;10.40;23.70;8.61;61.85;29.96;16.48;;18.88;5.51;10.11
22/11/2024;13.59;11.86;22.80;20.27;12.88;17.04;4.37;9.17;5.23;7.53;1.81;1.23;2.60;42.70;118.20;19.87;9.41;23.97;3.04;32.54;4.30;200.40;37.30;52.96;67.08;2.96;10.60;24.12;8.93;63.00;30.36;16.52;;19.39;5.54;10.33
25/11/2024;13.40;11.89;23.12;20.71;12.88;17.04;4.44;9.25;5.10;7.66;1.83;1.24;2.59;43.94;120.20;20.36;9.53;23.90;3.12;33.28;4.31;202.40;38.54;53.02;66.30;3.04;10.69;25.06;9.13;63.05;30.46;16.57;;19.93;5.53;10.33
26/11/2024;13.38;11.85;22.94;20.53;12.88;17.05;4.39;8.95;5.05;7.61;1.78;1.21;2.55;44.18;119.60;20.26;9.44;22.99;3.09;33.20;4.30;201.20;38.70;52.66;66.18;3.02;10.66;24.66;8.97;62.70;30.46;16.55;;19.83;5.47;10.19
27/11/2024;13.48;11.71;23.04;20.51;12.97;16.98;4.38;8.79;5.09;7.64;1.76;1.20;2.49;43.58;120.40;20.46;9.52;23.15;3.06;33.41;4.33;202.40;38.86;51.84;65.80;3.06;9.69;24.84;9.08;64.00;30.12;16.50;;19.76;5.50;10.34
28/11/2024;13.48;11.73;23.06;20.65;12.97;17.09;4.37;8.87;5.08;7.41;1.79;1.20;2.49;43.92;120.90;20.36;9.51;23.64;3.06;33.92;4.36;203.80;38.86;51.82;66.56;3.13;8.58;24.96;9.16;63.85;30.38;16.52;;19.67;5.50;10.37
29/11/2024;13.49;11.83;23.32;20.74;12.98;16.90;4.38;8.94;5.15;7.49;1.79;1.22;2.46;43.96;120.30;20.28;9.51;23.85;3.09;33.98;4.29;204.80;39.02;52.18;66.42;3.14;8.62;24.72;9.06;64.45;30.28;16.66;;19.92;5.46;10.40
02/12/2024;13.51;11.67;23.36;21.24;12.85;16.92;4.38;8.98;5.16;7.48;1.79;1.25;2.46;44.20;119.80;20.30;9.50;24.19;3.08;33.90;4.31;208.20;39.66;53.68;67.74;3.15;8.37;25.22;8.96;64.20;30.24;16.63;;20.12;5.31;10.21
03/12/2024;13.53;11.55;23.50;21.40;12.82;17.06;4.44;9.15;5.22;7.64;1.82;1.27;2.47;46.60;118.40;19.80;9.54;23.95;3.10;33.54;4.33;209.00;40.70;54.86;68.92;3.19;8.55;25.28;9.00;63.00;30.16;16.78;;20.08;5.29;10.28
04/12/2024;13.41;11.45;23.42;21.23;12.93;16.93;4.48;9.24;5.21;7.60;1.84;1.27;2.48;47.02;117.40;19.72;9.68;23.62;3.15;33.33;4.30;210.40;40.64;55.98;68.82;3.32;8.63;25.20;9.04;63.25;29.84;17.05;;20.04;5.35;10.51
05/12/2024;13.51;11.34;23.50;21.47;13.10;17.10;4.68;9.63;5.40;7.80;1.93;1.31;2.55;48.02;117.40;19.51;9.92;24.04;3.17;34.21;4.34;205.20;41.00;55.78;70.04;3.41;8.74;25.12;8.78;63.75;30.16;17.19;;19.68;5.38;10.43
06/12/2024;13.45;11.29;23.52;21.36;13.00;16.95;4.64;9.55;5.36;7.76;1.90;1.30;2.51;48.00;118.30;20.00;9.98;24.14;3.15;33.90;4.34;204.00;41.00;55.82;70.00;3.42;8.63;25.68;8.73;63.60;30.02;17.21;;18.99;5.48;10.51
09/12/2024;13.28;11.36;23.42;21.14;12.98;16.93;4.65;9.58;5.37;7.69;1.91;1.32;2.49;47.44;118.00;20.00;10.23;24.60;3.13;33.54;4.32;201.20;40.70;55.24;69.70;3.40;8.80;25.52;8.69;63.40;29.76;17.20;;19.45;5.30;10.26
10/12/2024;13.27;11.43;23.58;21.19;12.59;17.01;4.68;9.59;5.33;7.61;1.90;1.32;2.47;47.24;119.50;20.10;10.04;24.56;3.12;33.22;4.28;200.00;40.12;54.70;69.00;3.42;8.89;25.48;9.02;63.40;29.52;17.08;;19.03;5.24;10.18
11/12/2024;13.21;11.35;23.60;20.95;12.39;16.89;4.64;9.51;5.20;7.56;1.88;1.30;2.46;47.74;115.20;19.23;10.17;24.57;3.13;33.17;4.28;197.80;40.54;51.12;69.10;3.50;8.83;25.80;8.90;63.40;29.44;17.29;;18.97;5.20;10.28
12/12/2024;13.20;11.37;23.28;20.61;12.24;16.62;4.66;9.67;5.17;7.47;1.91;1.30;2.48;47.72;114.00;19.03;10.03;24.25;3.15;32.98;4.29;201.20;40.76;49.67;68.82;3.53;9.58;25.42;8.75;63.20;29.04;17.10;;19.25;5.23;10.35
13/12/2024;13.14;11.32;23.00;20.64;12.17;16.56;4.68;9.70;5.19;7.50;1.92;1.30;2.50;48.14;113.30;18.73;9.53;23.71;3.19;32.32;4.28;199.30;40.62;50.20;67.40;3.52;9.35;25.26;8.52;62.05;29.08;17.22;;18.91;5.19;10.24
16/12/2024;13.19;11.26;22.98;20.59;12.27;16.52;4.67;9.77;5.21;7.54;1.94;1.33;2.47;48.08;111.00;18.49;9.44;23.40;3.17;31.60;4.30;201.00;41.04;50.38;67.96;3.58;9.71;25.10;8.35;63.05;28.98;17.12;;18.51;5.12;10.14
17/12/2024;13.20;11.03;23.08;20.58;12.23;16.57;4.46;9.52;5.09;7.32;1.88;1.23;2.47;47.94;108.70;18.24;9.25;22.90;3.14;30.97;4.05;198.30;40.74;50.20;67.60;3.60;9.77;24.50;8.20;61.45;28.24;16.61;;18.14;5.13;10.06
18/12/2024;13.17;11.14;23.08;20.44;12.10;16.53;4.51;9.56;5.16;7.45;1.90;1.25;2.45;47.84;109.70;18.32;9.32;22.87;3.12;30.45;4.01;198.60;40.52;50.30;68.22;3.67;9.65;24.44;8.40;62.05;28.84;16.63;;17.97;5.14;10.07
19/12/2024;12.98;11.02;22.78;20.36;11.91;16.38;4.40;9.37;5.16;7.51;1.87;1.26;2.43;47.36;107.90;18.17;9.21;22.47;3.05;29.64;3.96;196.50;40.10;49.41;66.92;3.65;9.50;23.72;8.19;60.95;28.98;16.46;;17.55;4.99;9.76
20/12/2024;13.05;11.02;23.14;20.41;12.08;16.43;4.36;9.30;5.09;7.37;1.84;1.25;2.41;47.46;108.90;18.14;9.22;22.25;3.07;30.30;3.93;199.00;39.84;50.06;68.20;3.69;9.27;24.00;8.03;61.40;29.20;16.38;;17.46;5.14;9.95
23/12/2024;13.08;11.12;23.12;20.39;11.70;16.41;4.33;9.30;5.12;7.41;1.83;1.26;2.43;47.38;109.30;18.26;9.27;22.12;3.06;30.50;3.91;198.30;40.06;49.44;67.54;3.63;9.20;23.94;8.04;61.75;29.22;16.57;;17.58;5.12;9.99
24/12/2024;13.14;11.20;23.24;20.50;11.78;16.47;4.32;9.27;5.14;7.48;1.86;1.26;2.43;47.88;110.20;18.24;9.29;22.28;3.12;30.61;3.91;199.00;40.54;49.51;68.24;3.64;9.24;23.72;8.01;61.70;29.28;16.63;;17.72;5.17;10.06
27/12/2024;13.17;11.29;23.10;20.49;11.75;16.43;4.39;9.39;5.17;7.50;1.87;1.26;2.44;48.02;108.80;18.01;9.32;22.20;3.13;30.56;3.94;198.90;40.60;49.83;68.32;3.64;9.18;23.84;8.01;62.00;29.34;16.87;;17.73;5.18;10.10
30/12/2024;13.22;11.49;23.36;20.64;11.67;16.42;4.40;9.37;5.21;7.61;1.87;1.27;2.44;47.92;107.70;17.72;9.37;22.10;3.14;30.45;3.93;199.10;40.66;49.64;67.58;3.66;9.18;23.52;7.81;61.75;29.24;16.96;;17.89;5.17;10.10
